Image_292.jpg,SLEEPY ORANGE
Image_373.jpg,SLEEPY ORANGE
Image_251.jpg,MOURNING CLOAK
Image_998.jpg,SLEEPY ORANGE
Image_1220.jpg,MOURNING CLOAK
Image_1254.jpg,SLEEPY ORANGE
Image_1757.jpg,SLEEPY ORANGE
Image_494.jpg,MOURNING CLOAK
Image_141.jpg,SLEEPY ORANGE
Image_1551.jpg,ATALA
Image_808.jpg,MOURNING CLOAK
Image_1174.jpg,SLEEPY ORANGE
Image_544.jpg,MOURNING CLOAK
Image_1582.jpg,MOURNING CLOAK
Image_381.jpg,ATALA
Image_547.jpg,?
Image_1585.jpg,ATALA
Image_74.jpg,MOURNING CLOAK
Image_380.jpg,ATALA
Image_1329.jpg,ATALA
Image_1394.jpg,?
Image_309.jpg,SLEEPY ORANGE
Image_1396.jpg,MOURNING CLOAK
Image_1526.jpg,SLEEPY ORANGE
Image_212.jpg,SLEEPY ORANGE
Image_588.jpg,MOURNING CLOAK
Image_740.jpg,MOURNING CLOAK
Image_1972.jpg,ATALA
Image_1838.jpg,SLEEPY ORANGE
Image_966.jpg,ATALA
Image_1067.jpg,MOURNING CLOAK
Image_2272.jpg,SLEEPY ORANGE
Image_1023.jpg,MOURNING CLOAK
Image_962.jpg,ATALA
Image_1000.jpg,SLEEPY ORANGE
Image_1632.jpg,ATALA
Image_1390.jpg,MOURNING CLOAK
Image_896.jpg,SLEEPY ORANGE
Image_2607.jpg,ATALA
Image_413.jpg,MOURNING CLOAK
Image_1431.jpg,MOURNING CLOAK
Image_1162.jpg,MOURNING CLOAK
Image_1478.jpg,SLEEPY ORANGE
Image_1320.jpg,MOURNING CLOAK
Image_1017.jpg,ATALA
Image_295.jpg,ATALA
Image_278.jpg,MOURNING CLOAK
Image_472.jpg,ATALA
Image_1471.jpg,SLEEPY ORANGE
Image_1698.jpg,MOURNING CLOAK
Image_454.jpg,SLEEPY ORANGE
Image_1554.jpg,MOURNING CLOAK
Image_742.jpg,MOURNING CLOAK
Image_1418.jpg,SLEEPY ORANGE
Image_1489.jpg,MOURNING CLOAK
Image_1840.jpg,ATALA
Image_323.jpg,MOURNING CLOAK
Image_272.jpg,SLEEPY ORANGE
Image_1706.jpg,SLEEPY ORANGE
Image_1430.jpg,SLEEPY ORANGE
Image_253.jpg,ATALA
Image_1293.jpg,MOURNING CLOAK
Image_809.jpg,MOURNING CLOAK
Image_830.jpg,ATALA
Image_1180.jpg,ATALA
Image_397.jpg,MOURNING CLOAK
Image_625.jpg,MOURNING CLOAK
Image_259.jpg,ATALA
Image_234.jpg,MOURNING CLOAK
Image_764.jpg,MOURNING CLOAK
Image_1673.jpg,MOURNING CLOAK
Image_2361.jpg,GOLD BANDED
Image_283.jpg,MOURNING CLOAK
Image_2103.jpg,SLEEPY ORANGE
Image_1634.jpg,ATALA
Image_766.jpg,ATALA
Image_984.jpg,SLEEPY ORANGE
Image_566.jpg,SLEEPY ORANGE
Image_30.jpg,ATALA
Image_313.jpg,SLEEPY ORANGE
Image_72.jpg,ATALA
Image_1171.jpg,SOOTYWING
Image_2356.jpg,ATALA
Image_2382.jpg,SLEEPY ORANGE
Image_750.jpg,ATALA
Image_143.jpg,SLEEPY ORANGE
Image_1126.jpg,SLEEPY ORANGE
Image_398.jpg,SLEEPY ORANGE
Image_1198.jpg,ATALA
Image_1054.jpg,SLEEPY ORANGE
Image_1818.jpg,SLEEPY ORANGE
Image_1415.jpg,SOOTYWING
Image_1726.jpg,ATALA
Image_1166.jpg,SLEEPY ORANGE
Image_1242.jpg,SLEEPY ORANGE
Image_1332.jpg,ATALA
Image_1611.jpg,MOURNING CLOAK
Image_1378.jpg,MOURNING CLOAK
Image_2324.jpg,ATALA
Image_153.jpg,MOURNING CLOAK
Image_724.jpg,SLEEPY ORANGE
Image_865.jpg,MOURNING CLOAK
Image_225.jpg,MOURNING CLOAK
Image_1051.jpg,MOURNING CLOAK
Image_1308.jpg,ATALA
Image_1156.jpg,ATALA
Image_349.jpg,ATALA
Image_1558.jpg,?
Image_1795.jpg,SLEEPY ORANGE
Image_317.jpg,ATALA
Image_104.jpg,ATALA
Image_2682.jpg,ATALA
Image_811.jpg,MOURNING CLOAK
Image_1167.jpg,SLEEPY ORANGE
Image_1570.jpg,SLEEPY ORANGE
Image_1335.jpg,ATALA
Image_698.jpg,MOURNING CLOAK
Image_597.jpg,ATALA
Image_610.jpg,SLEEPY ORANGE
Image_1275.jpg,ATALA
